GTIN 13,IMAGE 1,
5000198522501,https://images.barcodelookup.com/9229/92299884-1.jpg,
5000198520507,https://images.barcodelookup.com/5389/53898795-1.jpg,
5060337727181,https://images.barcodelookup.com/13231/132316560-1.jpg,
4084500477520,https://images.barcodelookup.com/4419/44191412-1.jpg,
4084500477360,https://images.barcodelookup.com/4419/44191402-1.jpg,
5060087362861,https://images.barcodelookup.com/4361/43610764-1.jpg,
4015600568122,https://images.barcodelookup.com/4435/44358915-1.jpg,
0226009600342,https://images.barcodelookup.com/4409/44096465-1.jpg,
5060087362847,https://images.barcodelookup.com/4475/44751279-1.jpg,
8888347012120,https://images.barcodelookup.com/4599/45993416-1.jpg,
5011309013719,https://images.barcodelookup.com/4402/44025387-1.jpg,
3006779170606,https://images.barcodelookup.com/5334/53346728-1.jpg,
5000477893087,https://images.barcodelookup.com/4475/44757038-1.jpg,
5011309016116,https://images.barcodelookup.com/4387/43870604-1.jpg,
5030104001202,https://images.barcodelookup.com/4435/44355226-1.jpg,
,https://images.barcodelookup.com/5343/53434420-1.jpg,
5000477000102,https://images.barcodelookup.com/4435/44356969-1.jpg,
5030104001233,https://images.barcodelookup.com/4907/49077860-1.jpg,
5011309440218,https://images.barcodelookup.com/9229/92299929-1.jpg,
5011309019117,https://images.barcodelookup.com/4391/43919009-1.jpg,
5011309450415,https://images.barcodelookup.com/5177/51776660-1.jpg,
5011309020014,https://images.barcodelookup.com/4376/43764312-1.jpg,
5011309017212,https://images.barcodelookup.com/4366/43663467-1.jpg,
5011309440713,https://images.barcodelookup.com/4371/43716193-1.jpg,
5011321365353,https://images.barcodelookup.com/4443/44432139-1.jpg,
8809319390169,https://images.barcodelookup.com/22943/229435433-1.jpg,
8809319390213,https://images.barcodelookup.com/4447/44475894-1.jpg,
4015630064243,https://images.barcodelookup.com/22646/226465174-1.jpg,
0849608070530,https://images.barcodelookup.com/3805/38055413-1.jpg,
5011309010114,https://images.barcodelookup.com/5092/50929078-1.jpg,
6990314575520,https://images.barcodelookup.com/20154/201542257-1.jpg,
5035559014807,https://images.barcodelookup.com/4476/44763144-1.jpg,
5012654411151,https://images.barcodelookup.com/4720/47202860-1.jpg,
5012654412158,https://images.barcodelookup.com/4483/44837271-1.jpg,
4049500206266,https://images.barcodelookup.com/25170/251709718-1.jpg,
4049500206143,,
4049500213844,https://images.barcodelookup.com/24119/241196548-1.jpg,
5011309893113,https://images.barcodelookup.com/4978/49789772-1.jpg,
5011309893014,https://images.barcodelookup.com/4453/44534079-1.jpg,
5034593030200,,
4211125658151,https://images.barcodelookup.com/3554/35543514-1.jpg,
4211125659097,https://images.barcodelookup.com/4477/44770064-1.jpg,
4211125791162,https://images.barcodelookup.com/16638/166389525-1.jpg,
4211125749095,https://images.barcodelookup.com/9068/90681221-1.jpg,
5018632182808,https://images.barcodelookup.com/13231/132316553-1.jpg,
4211125602024,https://images.barcodelookup.com/12033/120336293-1.jpg,
6951376103991,https://images.barcodelookup.com/16556/165563216-1.jpg,
6951376105209,https://images.barcodelookup.com/26225/262256378-1.jpg,
5000347078859,https://images.barcodelookup.com/4491/44913165-1.jpg,
5000347078842,https://images.barcodelookup.com/4435/44353518-1.jpg,
5000347070761,https://images.barcodelookup.com/22897/228970931-1.jpg,
5000347007583,https://images.barcodelookup.com/9229/92299926-1.jpg,
5000347036415,https://images.barcodelookup.com/13396/133963500-1.jpg,
5000158062139,https://images.barcodelookup.com/4402/44024565-1.jpg,
5000158064768,https://images.barcodelookup.com/4397/43972913-1.jpg,
5000347036392,https://images.barcodelookup.com/4435/44359184-1.jpg,
5000158069671,https://images.barcodelookup.com/4427/44278480-1.jpg,
7311241000098,https://images.barcodelookup.com/22595/225954414-1.jpg,
7311241000166,https://images.barcodelookup.com/21338/213383110-1.jpg,
0411670088500,https://images.barcodelookup.com/22529/225291138-1.jpg,
,https://images.barcodelookup.com/5704/57049360-1.jpg,
7451079000133,https://images.barcodelookup.com/6037/60375498-1.jpg,
5015915832030,https://images.barcodelookup.com/26459/264598698-1.jpg,
8901207900945,https://images.barcodelookup.com/5222/52223362-1.jpg,
3574661012216,https://images.barcodelookup.com/4473/44733454-1.jpg,
8901138500719,https://images.barcodelookup.com/19855/198557130-1.jpg,
8901138110710,https://images.barcodelookup.com/16452/164520608-1.jpg,
0360004792630,https://images.barcodelookup.com/28650/286509487-1.jpg,
3606000537729,https://images.barcodelookup.com/14649/146494926-1.jpg,
5000158069626,https://images.barcodelookup.com/4467/44677235-1.jpg,
5011451401068,https://images.barcodelookup.com/4397/43972500-1.jpg,
8901030026263,https://images.barcodelookup.com/17134/171346206-1.jpg,
5000167010220,https://images.barcodelookup.com/4419/44195673-1.jpg,
3606000537736,https://images.barcodelookup.com/16473/164732260-1.jpg,
8886467059322,https://images.barcodelookup.com/23721/237215046-1.jpg,
0350001410644,https://images.barcodelookup.com/18317/183179337-1.jpg,
0350001410880,https://images.barcodelookup.com/18317/183176499-1.jpg,
0101810417092,https://images.barcodelookup.com/18318/183189589-1.jpg,
3606000537682,https://images.barcodelookup.com/15899/158998347-1.jpg,
0178541021324,https://images.barcodelookup.com/24335/243356277-1.jpg,
5011451105805,https://images.barcodelookup.com/4381/43817848-1.jpg,
0165005102088,https://img.shop.com/Image/260000/263100/263124/products/1720429396__300x300__.jpg,
0111110762426,https://images.barcodelookup.com/18316/183161738-1.jpg,
8000700000005,https://images.barcodelookup.com/4385/43854552-1.jpg,
0350004510952,https://images.barcodelookup.com/18318/183187866-1.jpg,
0111111211404,https://images.barcodelookup.com/18320/183202609-1.jpg,
0111110141450,https://images.barcodelookup.com/19675/196751143-1.jpg,
0111111241272,https://images.barcodelookup.com/20087/200874597-1.jpg,
0794005870842,https://images.barcodelookup.com/18502/185027052-1.jpg,
0370002046888,https://images.barcodelookup.com/18317/183173088-1.jpg,
7791293028781,https://www.walmart.com.mx/images/product-images/img_large/00779129302878l.jpg,
8717163994252,https://images.barcodelookup.com/4436/44362238-1.jpg,
0794003529728,https://images.barcodelookup.com/18318/183180368-1.jpg,
8000630040843,https://images.barcodelookup.com/4442/44427370-1.jpg,
,https://images.barcodelookup.com/21333/213331598-1.jpg,
7791293025865,https://www.walmart.com.mx/images/product-images/img_large/00779129302586l.jpg,
0120440002744,https://images.barcodelookup.com/18500/185004498-1.jpg,
7791293025803,https://www.walmart.com.mx/images/product-images/img_large/00779129302580l.jpg,
7791293025780,https://images.barcodelookup.com/13825/138251354-1.jpg,
7791293025797,https://images.barcodelookup.com/13825/138251214-1.jpg,
,https://images.barcodelookup.com/28263/282637105-1.jpg,
0370008082200,https://images.barcodelookup.com/27541/275418858-1.jpg,
0474000977424,https://images.barcodelookup.com/7310/73104344-1.jpg,
0170000680844,https://images.barcodelookup.com/18502/185021677-1.jpg,
0120440389180,https://images.barcodelookup.com/18490/184900804-1.jpg,
0705010510548,https://images.barcodelookup.com/18502/185022121-1.jpg,
0712490532014,https://images.barcodelookup.com/18496/184963339-1.jpg,
3606000537750,https://images.barcodelookup.com/14650/146502443-1.jpg,
3606000512238,https://images.barcodelookup.com/16981/169813562-1.jpg,
3606000512276,https://images.barcodelookup.com/15760/157605778-1.jpg,
3606000537453,https://images.barcodelookup.com/14650/146500830-1.jpg,
3606000537552,https://images.barcodelookup.com/15831/158319998-1.jpg,
0712493775128,https://images.barcodelookup.com/26722/267228882-1.jpg,
0705011109802,https://images.barcodelookup.com/26721/267213809-1.jpg,
5011451103856,https://images.barcodelookup.com/4467/44675750-1.jpg,
3600523764495,https://images.barcodelookup.com/16658/166587764-1.jpg,
0770431045078,https://images.barcodelookup.com/18502/185028486-1.jpg,
8710447474426,https://images.barcodelookup.com/16558/165584506-1.jpg,
3606000537712,https://images.barcodelookup.com/15231/152311818-1.jpg,
3606000537460,https://images.barcodelookup.com/14649/146494478-1.jpg,
0712493150642,https://images.barcodelookup.com/26723/267237333-1.jpg,
0101810000898,https://images.barcodelookup.com/18502/185028586-1.jpg,
0712492856644,https://images.barcodelookup.com/18488/184882579-1.jpg,
0712493632872,https://images.barcodelookup.com/15942/159424578-1.jpg,
0770431124278,https://images.barcodelookup.com/20163/201634747-1.jpg,
8901288030302,https://images.barcodelookup.com/4861/48612713-1.jpg,
0705011112390,https://images.barcodelookup.com/26719/267192411-1.jpg,
0705010133044,https://images.barcodelookup.com/18489/184890800-1.jpg,
5011451103931,https://images.barcodelookup.com/4362/43620307-1.jpg,
8710447474419,https://images.barcodelookup.com/16452/164522248-1.jpg,
3606000537538,https://images.barcodelookup.com/15959/159592445-1.jpg,
0705010281004,https://images.barcodelookup.com/18487/184879749-1.jpg,
5011451103894,https://images.barcodelookup.com/4453/44532387-1.jpg,
0705011112154,https://images.barcodelookup.com/26710/267100089-1.jpg,
5011451103863,https://images.barcodelookup.com/4371/43712727-1.jpg,
5011451103979,https://images.barcodelookup.com/4490/44907427-1.jpg,
0705010101050,https://images.barcodelookup.com/18491/184911915-1.jpg,
0783000698292,https://images.barcodelookup.com/11624/116244647-1.jpg,
0115090036768,https://images.barcodelookup.com/27814/278143300-1.jpg,
0115090602734,https://images.barcodelookup.com/9202/92029194-1.jpg,
0721511890262,https://images.barcodelookup.com/19889/198892234-1.jpg,
5012654110016,https://images.barcodelookup.com/4387/43870193-1.jpg,
0741082750666,https://images.barcodelookup.com/12237/122374672-1.jpg,
5012654165016,https://images.barcodelookup.com/5340/53409060-1.jpg,
0342855400056,https://images.barcodelookup.com/5224/52244592-1.jpg,
0338599055850,https://images.barcodelookup.com/18490/184902421-1.jpg,
3614226794444,https://images.barcodelookup.com/12077/120772053-1.jpg,
0712492105988,https://images.barcodelookup.com/10481/104812139-1.jpg,
7591023543146,https://www.walmart.com.mx/images/product-images/img_large/00759102354314l.jpg,
7315096067442,https://images.barcodelookup.com/21341/213416702-1.jpg,
7315096066384,https://images.barcodelookup.com/21341/213416699-1.jpg,
7315096066902,https://images.barcodelookup.com/21341/213416701-1.jpg,
7794640170133,https://www.walmart.com.mx/images/product-images/img_large/00779464017013l.jpg,
5028763012905,https://www.wilko.com/assets/bWFzdGVyfHJvb3R8ODQyNDV8aW1hZ2UvanBlZ3xoNzQvaGQ5LzkwNjkyMDUzMjM4MDYuanBnfGI1N2ZiMjY3YTZiNDZhZjNmNzNkMjUwNmQxYzM4YmFjMTAxZTM3ODMwNmI3YzViY2FiMzU4ZTE3ODk2NDRlMDM=/0493715-1.jpg,
5011309402810,https://images.barcodelookup.com/4419/44198368-1.jpg,
5028763010529,https://www.wilko.com/assets/bWFzdGVyfHJvb3R8MzU0MTV8aW1hZ2UvanBlZ3xoN2IvaDhkLzkwNjkxODc4MjU2OTQuanBnfDUyYmY1YmIzNTNiN2UyOTU2ZDQwM2JmZjg4ZmE5Y2JiMmVkYmQ5NzFjZDIwMDUzNjA3ZTY4N2NlYzFmMGY2ZTQ=/0419388-1.jpg,
5028763010130,https://images.barcodelookup.com/9944/99443294-1.jpg,
5028763011861,https://images.barcodelookup.com/21186/211862068-1.jpg,
5028763009578,https://images.barcodelookup.com/5583/55839600-1.jpg,
5028763010055,https://www.wilko.com/assets/bWFzdGVyfHJvb3R8NTM2ODh8aW1hZ2UvanBlZ3xoYWMvaGQ4LzkwNjkxODQxNTU2NzguanBnfDA3YTc5NmQ4MzczNDNiZDllYzg5MDgzZDQ1YjM1ODQ0ZGU5NThkNWE2ZWE3YjQ3ZjE5MjNkZWZhNjQ0YmZhYTY=/0352348-1.jpg,
5028763011182,https://images.barcodelookup.com/29795/297953281-1.jpg,
5028763006409,https://images.barcodelookup.com/4402/44025410-1.jpg,
7500435125567,https://images.barcodelookup.com/15582/155823202-1.jpg,
7702018382354,https://www.walmart.com.mx/images/product-images/img_large/00770201838235l.jpg,
3014260274917,https://images.barcodelookup.com/4393/43936390-1.jpg,
0474006520952,https://images.barcodelookup.com/11624/116244794-1.jpg,
7501009224198,https://www.walmart.com.mx/images/product-images/img_large/00750100922419l.jpg,
0727900001646,https://images.barcodelookup.com/18489/184892671-1.jpg,
7500435132008,https://images.barcodelookup.com/12008/120085487-1.jpg,
5010724529652,https://images.barcodelookup.com/4859/48591777-1.jpg,
0727900001882,https://images.barcodelookup.com/18502/185020796-1.jpg,
7506309841762,https://www.walmart.com.mx/images/product-images/img_large/00750630984176l.jpg,
0796560000788,https://images.barcodelookup.com/18317/183178233-1.jpg,
0796560497250,https://img.shop.com/Image/260000/263100/263124/products/1720432153__300x300__.jpg,
0796560496888,https://images.barcodelookup.com/18316/183169177-1.jpg,
0796560040210,https://images.barcodelookup.com/18316/183169129-1.jpg,
5021265222001,https://images.barcodelookup.com/2754/27545492-1.jpg,
8908002671032,https://images.barcodelookup.com/4848/48481078-1.jpg,
5012335106505,https://images.barcodelookup.com/4459/44595652-1.jpg,
5021265231102,https://images.barcodelookup.com/4434/44346501-1.jpg,
5021265243792,https://images.barcodelookup.com/4434/44346520-1.jpg,
5012335110502,https://images.barcodelookup.com/4435/44355906-1.jpg,
5021265244843,https://images.barcodelookup.com/4442/44426848-1.jpg,
0474690404064,https://images.barcodelookup.com/11624/116249486-1.jpg,
5021265243891,https://images.barcodelookup.com/4361/43613012-1.jpg,
5021265243402,https://images.barcodelookup.com/4434/44346516-1.jpg,
5021265220076,https://images.barcodelookup.com/4466/44666184-1.jpg,
,https://images.barcodelookup.com/4598/45988683-1.jpg,
5000477129919,https://images.barcodelookup.com/5587/55874646-1.jpg,
5021265246304,https://images.barcodelookup.com/4450/44505179-1.jpg,
5021265223602,https://images.barcodelookup.com/4434/44346519-1.jpg,
5021265221301,https://images.barcodelookup.com/4426/44266415-1.jpg,
5021265228027,https://images.barcodelookup.com/7604/76044431-1.jpg,
7337390264464,https://images.barcodelookup.com/21340/213400875-1.jpg,
5021265223855,https://images.barcodelookup.com/4381/43810522-1.jpg,
5021265246656,https://images.barcodelookup.com/4473/44738984-1.jpg,
5021265223510,https://images.barcodelookup.com/4355/43555676-1.jpg,
5021265223534,https://images.barcodelookup.com/4450/44506700-1.jpg,
0646420659710,https://images.barcodelookup.com/22402/224023331-1.jpg,
5021265221585,https://images.barcodelookup.com/2754/27545682-1.jpg,
5021265250615,https://images.barcodelookup.com/21780/217809803-1.jpg,
5021265244850,https://images.barcodelookup.com/4418/44185116-1.jpg,
6942138913422,https://images.barcodelookup.com/3590/35902859-1.jpg,
6941057402369,https://images.barcodelookup.com/8698/86986437-1.jpg,
6942138900460,https://images.barcodelookup.com/3644/36442063-1.jpg,
6942138915808,https://images.barcodelookup.com/9460/94608681-1.jpg,
6941057457178,https://images.barcodelookup.com/21084/210845494-1.jpg,
6942138951325,https://images.barcodelookup.com/13846/138469672-1.jpg,
6941057407517,https://images.barcodelookup.com/9135/91356020-1.jpg,
6942138917567,https://images.barcodelookup.com/17134/171342829-1.jpg,
6941057403021,https://images.barcodelookup.com/8898/88986858-1.jpg,
6942138914597,https://images.barcodelookup.com/4390/43909362-1.jpg,
6941057402208,https://images.barcodelookup.com/10092/100920188-1.jpg,
6942138915839,https://images.barcodelookup.com/16552/165528335-1.jpg,
6941057407821,https://images.barcodelookup.com/8695/86954789-1.jpg,
6942138919493,https://images.barcodelookup.com/4446/44469715-1.jpg,
6942138919530,https://images.barcodelookup.com/4422/44224230-1.jpg,
6941057456263,https://images.barcodelookup.com/21138/211381653-1.jpg,
6942138919486,https://images.barcodelookup.com/4470/44705070-1.jpg,
6942138917581,https://images.barcodelookup.com/4361/43618278-1.jpg,
6941057407838,https://images.barcodelookup.com/11610/116102414-1.jpg,
0511316514186,https://images.barcodelookup.com/1280/12809503-1.jpg,
,https://images.barcodelookup.com/7857/78579292-1.jpg,
0212000103234,https://images.barcodelookup.com/4992/49927468-1.jpg,
0511317053264,https://images.barcodelookup.com/1070/10709911-1.jpg,
,https://images.barcodelookup.com/4406/44062821-1.jpg,
4026700407594,https://images.barcodelookup.com/16551/165517695-1.jpg,
0212000111390,https://images.barcodelookup.com/1276/12761694-1.jpg,
4902505154904,https://images.barcodelookup.com/411/4111789-1.jpg,
4902505084584,https://images.barcodelookup.com/7857/78579506-1.jpg,
4902505154881,https://images.barcodelookup.com/4729/47291829-1.jpg,
4902505163128,https://images.barcodelookup.com/5544/55447616-1.jpg,
9556091162802,https://images.barcodelookup.com/21827/218274216-1.jpg,
4902505163166,https://images.barcodelookup.com/388/3887926-1.jpg,
4902505163104,https://images.barcodelookup.com/5088/50880474-1.jpg,
4902505154645,https://images.barcodelookup.com/21953/219533947-1.jpg,
4902505154669,https://images.barcodelookup.com/4491/44917256-1.jpg,
4902505087578,https://images.barcodelookup.com/23934/239342162-1.jpg,
9556091158201,https://images.barcodelookup.com/21953/219535637-1.jpg,
4902505158834,https://images.barcodelookup.com/5089/50895180-1.jpg,
3154148340102,https://images.barcodelookup.com/4851/48513777-1.jpg,
4902505163180,https://images.barcodelookup.com/388/3887914-1.jpg,
4006381105316,https://images.barcodelookup.com/388/3887866-1.jpg,
4902505322709,https://images.barcodelookup.com/421/4213471-1.jpg,
3154141832246,https://images.barcodelookup.com/4470/44707214-1.jpg,
4902505322723,https://images.barcodelookup.com/421/4213473-1.jpg,
9556091158287,https://images.barcodelookup.com/21953/219535638-1.jpg,
4006381114189,https://images.barcodelookup.com/393/3930023-1.jpg,
3154148446125,https://images.barcodelookup.com/21048/210483967-1.jpg,
4006381156288,https://images.barcodelookup.com/24195/241950619-1.jpg,
4006381333313,https://images.barcodelookup.com/388/3889202-1.jpg,
3154148450177,https://images.barcodelookup.com/21018/210182605-1.jpg,
0716620402468,https://images.barcodelookup.com/18350/183501308-1.jpg,
4902505084621,https://images.barcodelookup.com/24194/241949754-1.jpg,
4902505154652,https://images.barcodelookup.com/21953/219533948-1.jpg,
3154148460206,https://images.barcodelookup.com/4472/44725374-1.jpg,
4902505084560,https://images.barcodelookup.com/7854/78546924-1.jpg,
4902505163173,https://images.barcodelookup.com/388/3887920-1.jpg,
3154147425466,https://images.barcodelookup.com/21083/210836155-1.jpg,
4902505158803,https://images.barcodelookup.com/22417/224177008-1.jpg,
4902505154898,https://images.barcodelookup.com/5574/55743819-1.jpg,
4902505084638,https://images.barcodelookup.com/24194/241949753-1.jpg,
4902505084577,https://images.barcodelookup.com/7861/78611959-1.jpg,
0192008847302,https://images.barcodelookup.com/25829/258296456-1.jpg,
0192000284556,https://images.barcodelookup.com/5225/52257130-1.jpg,
3008786924760,https://images.barcodelookup.com/4599/45993527-1.jpg,
3606000537767,https://images.barcodelookup.com/15834/158343345-1.jpg,
3606000537781,https://images.barcodelookup.com/15899/158998345-1.jpg,
3606000537774,https://images.barcodelookup.com/20218/202187644-1.jpg,
,https://images.barcodelookup.com/4492/44925553-1.jpg,
8710103543374,https://images.barcodelookup.com/22405/224050598-1.jpg,
8710103566991,https://images.barcodelookup.com/3517/35171409-1.jpg,
8710103696995,https://images.barcodelookup.com/3517/35171393-1.jpg,
8710103566977,https://images.barcodelookup.com/3517/35171365-1.jpg,
8710103591177,https://images.barcodelookup.com/3517/35171431-1.jpg,
8710103624394,https://images.barcodelookup.com/3517/35171422-1.jpg,
0360004875654,https://images.barcodelookup.com/9296/92967479-1.jpg,
8710103676300,https://images.barcodelookup.com/4418/44187964-1.jpg,
8710103565840,https://images.barcodelookup.com/4421/44211590-1.jpg,
0768401004774,https://images.barcodelookup.com/3098/30980619-1.jpg,
0768401001490,https://images.barcodelookup.com/3098/30981067-1.jpg,
0768401009892,https://images.barcodelookup.com/3098/30980627-1.jpg,
0768401003548,https://images.barcodelookup.com/3098/30981071-1.jpg,
0768401015428,https://images.barcodelookup.com/3098/30980624-1.jpg,
0768404002180,https://images.barcodelookup.com/3098/30980632-1.jpg,
5031413916676,https://images.barcodelookup.com/13186/131862029-1.jpg,
5031413910995,https://images.barcodelookup.com/13396/133966742-1.jpg,
5031413934212,https://images.barcodelookup.com/24616/246166405-1.jpg,
3574661440477,https://images.barcodelookup.com/17355/173553312-1.jpg,
7315096495740,https://images.barcodelookup.com/21341/213416351-1.jpg,
3099747001224,https://images.barcodelookup.com/26193/261934337-1.jpg,
3099747000616,https://images.barcodelookup.com/25609/256099888-1.jpg,
3099741040120,https://images.barcodelookup.com/23550/235502957-1.jpg,
0712492202908,https://images.barcodelookup.com/18506/185065355-1.jpg,
0712492202830,https://images.barcodelookup.com/18499/184993506-1.jpg,
3099747001156,https://images.barcodelookup.com/25609/256099887-1.jpg,
3099747001392,https://images.barcodelookup.com/21338/213380430-1.jpg,
0883001065168,https://images.barcodelookup.com/8031/80315553-1.jpg,
0677240701082,https://images.barcodelookup.com/1751/17512066-1.jpg,
0883001055190,https://images.barcodelookup.com/8454/84549150-1.jpg,
3607347575924,https://images.barcodelookup.com/1035/10356772-1.jpg,
0677242711164,https://images.barcodelookup.com/1035/10357400-1.jpg,
3607340213267,https://images.barcodelookup.com/219/2198085-1.jpg,
8005610325422,https://images.barcodelookup.com/2357/23576480-1.jpg,
0883001014050,https://images.barcodelookup.com/4543/45432285-1.jpg,
3414202000572,https://images.barcodelookup.com/331/3311132-1.jpg,
3607344343892,https://images.barcodelookup.com/1035/10355022-1.jpg,
0677240531016,https://images.barcodelookup.com/1587/15878551-1.jpg,
5050456083244,https://images.barcodelookup.com/11208/112089443-1.jpg,
8032529110146,https://images.barcodelookup.com/229/2297713-1.jpg,
5045252667484,https://images.barcodelookup.com/1207/12078823-1.jpg,
3412242508027,https://images.barcodelookup.com/1035/10354858-1.jpg,
0857153204140,https://images.barcodelookup.com/23721/237216532-1.jpg,
8411061923221,https://images.barcodelookup.com/2357/23576483-1.jpg,
7370521399062,https://images.barcodelookup.com/21340/213408056-1.jpg,
8004995636512,https://images.barcodelookup.com/13662/136629191-1.jpg,
3607345397498,https://images.barcodelookup.com/1035/10354734-1.jpg,
5000386004628,https://images.barcodelookup.com/1035/10353522-1.jpg,
0883001625058,https://images.barcodelookup.com/8031/80315668-1.jpg,
3614226905185,https://images.barcodelookup.com/15507/155074375-1.jpg,
7193464506072,https://images.barcodelookup.com/21340/213408085-1.jpg,
5000386008466,https://images.barcodelookup.com/1035/10353523-1.jpg,
8011003999613,https://images.barcodelookup.com/1035/10357852-1.jpg,
8018365250468,https://images.barcodelookup.com/1035/10354115-1.jpg,
3614226905284,https://images.barcodelookup.com/14863/148630922-1.jpg,
3614226904997,https://images.barcodelookup.com/15692/156923375-1.jpg,
3614227748729,https://images.barcodelookup.com/14794/147944078-1.jpg,
0225483863618,https://images.barcodelookup.com/9540/95406731-1.jpg,
0858050046758,https://images.barcodelookup.com/21340/213408036-1.jpg,
3607341792198,https://images.barcodelookup.com/1065/10651145-1.jpg,
3607346512609,https://images.barcodelookup.com/1035/10356106-1.jpg,
0858051566026,https://images.barcodelookup.com/21337/213379438-1.jpg,
3607343811835,https://images.barcodelookup.com/1241/12419187-1.jpg,
0857153214118,https://images.barcodelookup.com/23721/237216537-1.jpg,
3614220833613,https://images.barcodelookup.com/2129/21290569-1.jpg,
8411114083810,https://images.barcodelookup.com/11980/119806009-1.jpg,
3614227748521,https://images.barcodelookup.com/15692/156923374-1.jpg,
5055121801192,https://images.barcodelookup.com/3440/34407874-1.jpg,
5000386101310,https://images.barcodelookup.com/1172/11729414-1.jpg,
0910000090256,https://images.barcodelookup.com/5224/52242892-1.jpg,
